{
  "model_name": "MARDM_DDPM_XL",
  "model_type": "MARDM-DDPM-XL",
  "dataset": "t2m",
  "repeat_times": 3,
  "timestamp": "2025-12-05 08:55:25",
  "metrics": {
    "FID": {
      "mean": 2.159043865238227,
      "std": 0.06394267899335222
    },
    "Diversity": {
      "mean": 9.439754486083984,
      "std": 0.1328958123922348
    },
    "R-Precision_TOP1": {
      "mean": 0.37938218390804596,
      "std": 0.005152419849724459
    },
    "R-Precision_TOP2": {
      "mean": 0.5681752873563218,
      "std": 0.0019462955724344785
    },
    "R-Precision_TOP3": {
      "mean": 0.6857758620689655,
      "std": 0.0020746449824990943
    },
    "Matching_Score": {
      "mean": 4.120776280589488,
      "std": 0.017941101644830187
    },
    "Multimodality": {
      "mean": 3.185176134109497,
      "std": 0.03688677400350571
    },
    "CLIP_Score": {
      "mean": 0.5753430948353367,
      "std": 0.000505072578545948
    }
  }
}