{
  "model_name": "MARDM_SiT_XL",
  "model_type": "MARDM-SiT-XL",
  "dataset": "t2m",
  "repeat_times": 3,
  "timestamp": "2025-12-05 12:36:38",
  "metrics": {
    "FID": {
      "mean": 0.40922563475360124,
      "std": 0.031227679876215733
    },
    "Diversity": {
      "mean": 10.2262601852417,
      "std": 0.23015347123146057
    },
    "R-Precision_TOP1": {
      "mean": 0.4430316091954023,
      "std": 0.004109295875308928
    },
    "R-Precision_TOP2": {
      "mean": 0.6332614942528735,
      "std": 0.0018060064784448998
    },
    "R-Precision_TOP3": {
      "mean": 0.7352729885057472,
      "std": 0.0026414908492601165
    },
    "Matching_Score": {
      "mean": 3.6548120043743615,
      "std": 0.016114902405280053
    },
    "Multimodality": {
      "mean": 2.7949275970458984,
      "std": 0.038951802998781204
    },
    "CLIP_Score": {
      "mean": 0.6114224574253319,
      "std": 0.0013309333768783487
    }
  }
}